{"sane": true, "normalizes": true, "range": true, "log_prob": -1715.1104736328125, "avg_log_prob": -3.430220947265625, "perplexity": 30.88346561318302}