{"sane": true, "normalizes": true, "range": true, "log_prob": -1340.944580078125, "text_length": 500, "avg_log_prob": -2.68188916015625, "perplexity": 14.612672915967785}