{"sane": true, "normalizes": true, "range": true, "log_prob": -1376.57470703125, "avg_log_prob": -2.7531494140625, "perplexity": 15.691974668663267}