{"sane": true, "normalizes": true, "range": true, "log_prob": -942.8307495117188, "text_length": 500, "avg_log_prob": -1.8856614990234375, "perplexity": 6.590712750395917}