{"sane": true, "normalizes": true, "range": true, "log_prob": -1660.64892578125, "avg_log_prob": -3.3212978515625, "perplexity": 27.69627289359542}