{"sane": true, "normalizes": true, "range": true, "log_prob": -1026.44873046875, "text_length": 500, "avg_log_prob": -2.0528974609375, "perplexity": 7.790440934695794}