{"sane": true, "normalizes": true, "range": true, "log_prob": -1278.8214111328125, "text_length": 500, "avg_log_prob": -2.557642822265625, "perplexity": 12.905361204326459}