{"sane": true, "normalizes": true, "range": true, "log_prob": -1266.3033447265625, "text_length": 500, "avg_log_prob": -2.532606689453125, "perplexity": 12.586271915266018}