{"sane": true, "normalizes": true, "range": true, "log_prob": -1259.293701171875, "text_length": 500, "avg_log_prob": -2.51858740234375, "perplexity": 12.411052451433932}