{"sane": true, "normalizes": true, "range": true, "log_prob": -1324.2681884765625, "avg_log_prob": -2.648536376953125, "perplexity": 14.133337621151613}